"Displacement","Horsepower","predict"
455,225,202.9161870315443
200,85,109.17031757223305
318,210,152.55075912595356
250,105,127.55186060347054
91,53,69.09855376413529
97,75,71.3043389278838
112,88,76.81880183725505
151,90,91.1564054016203
91,67,69.09855376413529
232,112,120.93450511222504